{"pipeline_lengths": [1, 2, 4, 8], "latency": {"mean": [0.0071392214307561515, 0.013677565914578737, 0.026748723643366248, 0.0551570817749016], "std": [0.000579933432427799, 0.0005311804840443945, 0.0009757540961062189, 0.0019816146033115292]}, "throughput": [378.7585942015609, 347.2989947208097, 278.95894932806914, 209.14774534136302], "tensor_type": "torch"}