{"pipeline_lengths": [1, 2, 4, 8], "latency": {"mean": [0.007223904112819582, 0.013608398175798356, 0.026577330695930868, 0.054855785632040355], "std": [0.0005126032508721353, 0.0005564129153511377, 0.0009347902710037511, 0.0018436515384728104]}, "throughput": [220.1370187070271, 224.30942710387407, 202.97789389885412, 160.88553077311659], "tensor_type": "torch"}