{"pipeline_lengths": [1, 2, 4, 8], "latency": {"mean": [0.012008768796455115, 0.024895374042447658, 0.05119325946830213, 0.10335355091374368], "std": [0.0005773547260280582, 0.000967871809200633, 0.0016249647106303387, 0.003334367226154678]}, "throughput": [175.2291442314179, 157.56733232859145, 136.83418667714375, 122.13848999798634], "tensor_type": "torch"}