{"pipeline_lengths": [1, 2, 4, 8], "latency": {"mean": [0.012393742565065622, 0.025617541421670467, 0.050429932130035014, 0.10063515377836302], "std": [0.0006158021109689451, 0.0011163330263725176, 0.001519914980478132, 0.0028416710554037923]}, "throughput": [138.4403912229305, 129.45183926381426, 122.25893808459595, 109.69929136238595], "tensor_type": "torch"}