{"pipeline_lengths": [1, 2, 4, 8], "latency": {"mean": [0.006831817609257996, 0.013052447487134487, 0.025457336113322526, 0.05104929288802668], "std": [0.0005909171600507794, 0.00046765889684429395, 0.0008149554367640136, 0.0018473886851255697]}, "throughput": [477.62616510706374, 420.5444204448692, 324.7048139584817, 227.71572647290978], "tensor_type": "torch"}