{"pipeline_lengths": [1, 2, 4, 8], "latency": {"mean": [0.005201308615040034, 0.009996519348584115, 0.019276965788565577, 0.039337343834806235], "std": [0.0010517408727302583, 0.0013334168316266547, 0.0019689973588500947, 0.0026842301585892074]}, "throughput": [740.357751822468, 713.5511182468686, 602.6877359903191, 361.59753122555645], "tensor_type": "torch"}