{"pipeline_lengths": [1, 2, 4, 8], "latency": {"mean": [0.010489358549471944, 0.020083277266472577, 0.04116672074235976, 0.08172987542487681], "std": [0.0009307453252468859, 0.000931165849562554, 0.0013976759699139093, 0.002303598289361863]}, "throughput": [195.71422795650392, 151.70456414454077, 146.63063535166708, 159.46069311975057], "tensor_type": "torch"}