{"pipeline_lengths": [1, 2, 4, 8], "latency": {"mean": [0.004983444217592478, 0.009335474107414483, 0.017941462118644266, 0.035728360932786016], "std": [0.0010225886881683602, 0.001233582162864203, 0.0019182183437498445, 0.002784562411942849]}, "throughput": [778.3328228488252, 802.5222019009265, 641.8034319922665, 408.99984946576876], "tensor_type": "torch"}