{"pipeline_lengths": [1, 2, 4, 8], "latency": {"mean": [0.009563804464880378, 0.020113798692356796, 0.0406317443177104, 0.08107058428507298], "std": [0.0006290486941187279, 0.0010643144532398502, 0.0015649162306137245, 0.003739777459235263]}, "throughput": [161.6263188348655, 131.3569574003989, 128.0986115337429, 132.5362933425204], "tensor_type": "torch"}