{"pipeline_lengths": [1, 2, 4, 8], "latency": {"mean": [0.00520944355847314, 0.009869109192397446, 0.019296565928030758, 0.03908534712530672], "std": [0.0008913918419212962, 0.0015245352266266812, 0.0019559184616706063, 0.0027500325756282997]}, "throughput": [331.6830233254519, 336.5246573935119, 334.5285229378872, 326.8037705051694], "tensor_type": "torch"}