{"pipeline_lengths": [1, 2, 4, 8], "latency": {"mean": [0.005006624108180403, 0.009484468951355665, 0.01795199619140476, 0.03556950292084366], "std": [0.0011646065674733189, 0.0015312536634360526, 0.0019292770156251098, 0.0026929400359415843]}, "throughput": [840.4859412906718, 781.8714692279259, 646.7614424176955, 360.79079495021824], "tensor_type": "torch"}