{"pipeline_lengths": [1, 2, 4, 8], "latency": {"mean": [0.007096099250018597, 0.013346605172846466, 0.02573224290693179, 0.05096877016313374], "std": [0.001284997714227565, 0.0006006779623244342, 0.0010072513281917002, 0.0020268382689353033]}, "throughput": [414.10409757801807, 356.03853800427396, 294.26096826202405, 219.65912780867646], "tensor_type": "torch"}