{"pipeline_lengths": [1, 2, 4, 8], "latency": {"mean": [0.01205687926756218, 0.0274528898592107, 0.05317343857465312, 0.1052460568784736], "std": [0.0007171905121229333, 0.0013498152989984602, 0.002021030583811235, 0.003331008855266807]}, "throughput": [149.39477376768514, 121.23938757505321, 107.77245572567917, 109.52855504175876], "tensor_type": "torch"}