{"pipeline_lengths": [1, 2, 4, 8], "latency": {"mean": [0.0048579854839481415, 0.009330111113376916, 0.017825328512117267, 0.035532663201913235], "std": [0.0008547201882296104, 0.0012861407093155853, 0.0016990896164753805, 0.0027638596806064757]}, "throughput": [381.86147008043497, 372.59010103892365, 366.961720148374, 333.77370862538066], "tensor_type": "torch"}