{"pipeline_lengths": [1, 2, 4, 8], "latency": {"mean": [0.00519585516769439, 0.009981772575061769, 0.019337797603104265, 0.03908172920811921], "std": [0.0009222558804227511, 0.001574535807367084, 0.0018598331186550161, 0.002922120701251647]}, "throughput": [802.8778024486901, 687.3331722867175, 613.1079717300046, 367.1518818983761], "tensor_type": "torch"}