{"pipeline_lengths": [1, 2, 4, 8], "latency": {"mean": [0.010395600711461157, 0.020581742023583503, 0.04368555956380442, 0.08988481458602474], "std": [0.0012618490870490824, 0.001620041665111724, 0.0029670956927583887, 0.006000017236038165]}, "throughput": [177.60787844992524, 162.76873603386238, 145.76966959284965, 156.4624222284895], "tensor_type": "torch"}