{"pipeline_lengths": [1, 2, 4, 8], "latency": {"mean": [0.006910713876597583, 0.013108411891851574, 0.025139700249768793, 0.05117213431047276], "std": [0.0012895251451657717, 0.0012709978724421511, 0.0014371483541279328, 0.0023808234207705445]}, "throughput": [239.56159647269152, 233.42633643819482, 206.84875902212505, 168.07624200070578], "tensor_type": "torch"}