{"pipeline_lengths": [1, 2, 4, 8], "latency": {"mean": [0.007410055468324571, 0.013618195391725749, 0.027092113581020386, 0.055053146778140216], "std": [0.0005591401964619625, 0.0005765633597651703, 0.0008426838570083199, 0.0018888435123093031]}, "throughput": [424.6839261313547, 389.7589256116543, 309.00958682325637, 212.71801038211402], "tensor_type": "torch"}